<?xml version="1.0" encoding="UTF-8"?>

<beans xmlns="http://www.springframework.org/schema/beans"

xmlns:xsi="http://www.w3.org/2001/XMLSchema-instance"

xsi:schemaLocation="http://www.springframework.org/schema/beans

https://www.springframework.org/schema/beans/spring-beans.xsd">

<bean id="accountList" class="java.util.ArrayList">

		<constructor-arg>

			<list>

				<ref bean="a1"></ref>

				<ref bean="a2"></ref>

				<ref bean="a3"></ref>

				<ref bean="a4"></ref>

			</list>

		</constructor-arg>

	</bean>
	<bean id="a1" class="com.cognizant.model.Account">
		<property name="number" value="00569872369658" />
		<property name="type" value="savings" />
		<property name="balance" value="234343"/>
	</bean>
	<bean id="a2" class="com.cognizant.model.Account">
		<property name="number" value="00963872369658" />
		<property name="type" value="current" />
		<property name="balance" value="43431"/>
	</bean>
	<bean id="a3" class="com.cognizant.model.Account">
		<property name="number" value="00857872369658" />
		<property name="type" value="savings" />
		<property name="balance" value="13443"/>
	</bean>
	<bean id="a4" class="com.cognizant.model.Account">
		<property name="number" value="00999595369658" />
		<property name="type" value="current" />
		<property name="balance" value="9343"/>
	</bean>

</beans>