<?xml version="1.0" encoding="UTF-8"?>
<beans xmlns="http://www.springframework.org/schema/beans"
    xmlns:xsi="http://www.w3.org/2001/XMLSchema-instance"
    xsi:schemaLocation="http://www.springframework.org/schema/beans
        https://www.springframework.org/schema/beans/spring-beans.xsd">
    
    <bean id="item1" class="com.cognizant.truyum.model.MenuItem">  
        <property name="id" value="101"/>
        <property name="name" value="Sandwich"/>
        <property name="price" value="99.00"/>
        <property name="active" value="Yes"/>
        <property name="dateOfLaunch" value="15/03/2017"/>
        <property name="category" value="Main Course"/>
        <property name="freeDelivery" value="Yes"/>   
    </bean>
    
    <bean id="item2" class="com.cognizant.truyum.model.MenuItem">  
       	<property name="id" value="102"/>
        <property name="name" value="Burger"/>
        <property name="price" value="129.00"/>
        <property name="active" value="Yes"/>
        <property name="dateOfLaunch" value="15/12/2017"/>
        <property name="category" value="Main Course"/>
        <property name="freeDelivery" value="No"/> 
    </bean>
    
    <bean id="menulist" class="java.util.ArrayList">  
        <constructor-arg>
        	<list>
        		<ref bean="item1"></ref>
        		<ref bean="item2"></ref>
        	</list>
        </constructor-arg>
    </bean>

</beans>