<?xml version="1.0" encoding="UTF-8"?>
<beans xmlns="http://www.springframework.org/schema/beans"

	xmlns:xsi="http://www.w3.org/2001/XMLSchema-instance"

	xsi:schemaLocation="http://www.springframework.org/schema/beans

https://www.springframework.org/schema/beans/spring-beans.xsd"> 
	
	<bean id="dateFormat" class="java.text.SimpleDateFormat">
		<constructor-arg value="dd/MM/yyyy" />
	</bean>
	
	<!-- <bean id="sa" class="com.cognizant.truyum.model.MenuItem">
		<property name="id" value="1"/>
		<property name="name" value="Sandwich"/>
		<property name="price" value="99"/>
		<property name="active" value="true"/>
		<property name="dateOfLaunch" value="15/03/2017" />
		<property name="category" value="Main Course"/>
		<property name="freeDelivery" value="true"/>
	</bean>

	<bean id="bu" class="com.cognizant.truyum.model.MenuItem">
		<property name="id" value="2"/>
		<property name="name" value="Burger"/>
		<property name="price" value="129"/>
		<property name="active" value="true"/>
		<property name="dateOfLaunch" value="23/12/2017" />
		<property name="category" value="Main Course"/>
		<property name="freeDelivery" value="false"/>
	</bean>
	
	<bean id="pi" class="com.cognizant.truyum.model.MenuItem">
		<property name="id" value="3"/>
		<property name="name" value="Pizza"/>
		<property name="price" value="149"/>
		<property name="active" value="true"/>
		<property name="dateOfLaunch" value="21/08/2017" />
		<property name="category" value="Main Course"/>
		<property name="freeDelivery" value="false"/>
	</bean>
		
	<bean id="ff" class="com.cognizant.truyum.model.MenuItem">		
		<property name="id" value="4"/>
		<property name="name" value="French Fries"/>
		<property name="price" value="57"/>
		<property name="active" value="false"/>
		<property name="dateOfLaunch" value="02/07/2017" />
		<property name="category" value="Starter"/>
		<property name="freeDelivery" value="true"/>
	</bean>
		
	<bean id="cb" class="com.cognizant.truyum.model.MenuItem">
		<property name="id" value="5"/>
		<property name="name" value="Chocolate Brownie"/>
		<property name="price" value="32"/>
		<property name="active" value="true"/>
		<property name="dateOfLaunch" value="02/11/2034" />
		<property name="category" value="Dessert"/>
		<property name="freeDelivery" value="true"/>
	</bean> -->
	
	<bean id="sa" class="com.cognizant.truyum.model.MenuItem">
		<property name="id" value="1"/>
		<property name="name" value="Sandwich"/>
		<property name="price" value="99"/>
		<property name="active" value="true"/>
		<property name="dateOfLaunch">
			<bean factory-bean="dateFormat" factory-method="parse">
				<constructor-arg value="15/03/2017" />
			</bean>
		</property>
		<property name="category" value="Main Course"/>
		<property name="freeDelivery" value="true"/>
	</bean>

	<bean id="bu" class="com.cognizant.truyum.model.MenuItem">
		<property name="id" value="2"/>
		<property name="name" value="Burger"/>
		<property name="price" value="129"/>
		<property name="active" value="true"/>
		<property name="dateOfLaunch">
			<bean factory-bean="dateFormat" factory-method="parse">
				<constructor-arg value="23/12/2017" />
			</bean>
		</property>
		<property name="category" value="Main Course"/>
		<property name="freeDelivery" value="false"/>
	</bean>
	
	<bean id="pi" class="com.cognizant.truyum.model.MenuItem">
		<property name="id" value="3"/>
		<property name="name" value="Pizza"/>
		<property name="price" value="149"/>
		<property name="active" value="true"/>
		<property name="dateOfLaunch">
			<bean factory-bean="dateFormat" factory-method="parse">
				<constructor-arg value="21/08/2017" />
			</bean>
		</property>
		<property name="category" value="Main Course"/>
		<property name="freeDelivery" value="false"/>
	</bean>
		
	<bean id="ff" class="com.cognizant.truyum.model.MenuItem">		
		<property name="id" value="4"/>
		<property name="name" value="French Fries"/>
		<property name="price" value="57"/>
		<property name="active" value="false"/>
		<property name="dateOfLaunch">
			<bean factory-bean="dateFormat" factory-method="parse">
				<constructor-arg value="02/07/2017" />
			</bean>
		</property>
		<property name="category" value="Starter"/>
		<property name="freeDelivery" value="true"/>
	</bean>
		
	<bean id="cb" class="com.cognizant.truyum.model.MenuItem">
		<property name="id" value="5"/>
		<property name="name" value="Chocolate Brownie"/>
		<property name="price" value="32"/>
		<property name="active" value="true"/>
		<property name="dateOfLaunch">
			<bean factory-bean="dateFormat" factory-method="parse">
				<constructor-arg value="02/11/2034" />
			</bean>
		</property>
		<property name="category" value="Dessert"/>
		<property name="freeDelivery" value="true"/>
	</bean>
	
	<bean id="menuItemList" class="java.util.ArrayList">
		<constructor-arg>
			<list>
				<ref bean="sa"></ref>
				<ref bean="bu"></ref>
				<ref bean="pi"></ref>
				<ref bean="ff"></ref>
				<ref bean="cb"></ref>
			</list>
		</constructor-arg>
	</bean>

</beans>