<?xml version="1.0" encoding="UTF-8"?>

<beans xmlns="http://www.springframework.org/schema/beans"

xmlns:xsi="http://www.w3.org/2001/XMLSchema-instance"

xsi:schemaLocation="http://www.springframework.org/schema/beans

https://www.springframework.org/schema/beans/spring-beans.xsd">

<bean id="menuItemList" class="java.util.ArrayList">

		<constructor-arg>

			<list>

				<ref bean="m1"></ref>

				<ref bean="m2"></ref>

				<ref bean="m3"></ref>

				<ref bean="m4"></ref>

			</list>

		</constructor-arg>

	</bean>
	<bean id="m1" class="com.cognizant.truyum.model.MenuItem">
		<property name="id" value="101" />
		<property name="name" value="Shirt" />
		<property name="price" value="500.78" />
		<property name="active" value="true" />
		<property name="dateOfLaunch" value="20/07/2020" />
		<property name="category" value="Dress" />
		<property name="freeDelivery" value="true" />
	</bean>
	<bean id="m2" class="com.cognizant.truyum.model.MenuItem">
		<property name="id" value="102" />
		<property name="name" value="Top" />
		<property name="price" value="708.78" />
		<property name="active" value="true" />
		<property name="dateOfLaunch" value="21/07/2020" />
		<property name="category" value="Dress" />
		<property name="freeDelivery" value="false" />
	</bean>
	<bean id="m3" class="com.cognizant.truyum.model.MenuItem">
		<property name="id" value="103" />
		<property name="name" value="T-shirt" />
		<property name="price" value="400.00" />
		<property name="active" value="true" />
		<property name="dateOfLaunch" value="23/07/2020" />
		<property name="category" value="Dress" />
		<property name="freeDelivery" value="false" />
	</bean>
	<bean id="m4" class="com.cognizant.truyum.model.MenuItem">
		<property name="id" value="104" />
		<property name="name" value="Jeans" />
		<property name="price" value="800.98" />
		<property name="active" value="true" />
		<property name="dateOfLaunch" value="20/07/2020" />
		<property name="category" value="Dress" />
		<property name="freeDelivery" value="true" />
	</bean>
	

</beans>