<?xml version="1.0" encoding="UTF-8"?>

<beans xmlns="http://www.springframework.org/schema/beans"

xmlns:xsi="http://www.w3.org/2001/XMLSchema-instance"

xsi:schemaLocation="http://www.springframework.org/schema/beans

https://www.springframework.org/schema/beans/spring-beans.xsd">

<bean id="movieList" class="java.util.ArrayList">

		<constructor-arg>

			<list>

				<ref bean="m1"></ref>

				<ref bean="m2"></ref>

				<ref bean="m3"></ref>

				<ref bean="m4"></ref>

			</list>

		</constructor-arg>

	</bean>
	<bean id="m1" class="com.finalcheck.model.Movie">
		<property name="title" value="Conjuring" />
		<property name="boxOffice" value="4.9B" />
		<property name="active" value="true" />
		<property name="dateOfLaunch" value="20/07/2020" />
		<property name="genre" value="Horror" />
		<property name="favorite" value="no" />
	</bean>
	<bean id="m2" class="com.finalcheck.model.Movie">
		<property name="title" value="Ring" />
		<property name="boxOffice" value="2M" />
		<property name="active" value="false" />
		<property name="dateOfLaunch" value="24/07/2020" />
		<property name="genre" value="Horror" />
		<property name="favorite" value="yes" />
	</bean>
	<bean id="m3" class="com.finalcheck.model.Movie">
		<property name="title" value="Inception" />
		<property name="boxOffice" value="1.9M" />
		<property name="active" value="false" />
		<property name="dateOfLaunch" value="20/09/2001" />
		<property name="genre" value="Science Fiction" />
		<property name="favorite" value="no" />
	</bean>
	<bean id="m4" class="com.finalcheck.model.Movie">
		<property name="title" value="Twilight" />
		<property name="boxOffice" value="5.9B" />
		<property name="active" value="true" />
		<property name="dateOfLaunch" value="20/07/2004" />
		<property name="genre" value="Romance" />
		<property name="favorite" value="no" />
	</bean>
	

</beans>