<?xml version="1.0" encoding="UTF-8"?>

<beans xmlns="http://www.springframework.org/schema/beans"

	xmlns:xsi="http://www.w3.org/2001/XMLSchema-instance"

	xsi:schemaLocation="http://www.springframework.org/schema/beans

https://www.springframework.org/schema/beans/spring-beans.xsd">

	<bean id="loanList" class="java.util.ArrayList">

		<constructor-arg>

			<list>

				<ref bean="l1"></ref>

				<ref bean="l2"></ref>

				<ref bean="l3"></ref>

				<ref bean="l4"></ref>

			</list>

		</constructor-arg>

	</bean>
	<bean id="l1" class="com.cognizant.model.Loan">
		<property name="number" value="H00569872369658" />
		<property name="type" value="car" />
		<property name="loan" value="400000" />
		<property name="emi" value="3258" />
		<property name="tenure" value="18" />
	</bean>
	<bean id="l2" class="com.cognizant.model.Loan">
		<property name="number" value="Y00963872369658" />
		<property name="type" value="home" />
		<property name="loan" value="124343" />
		<property name="emi" value="4258" />
		<property name="tenure" value="15" />
	</bean>
	<bean id="l3" class="com.cognizant.model.Loan">
		<property name="number" value="T00857872369658" />
		<property name="type" value="jewel" />
		<property name="loan" value="94343" />
		<property name="emi" value="2258" />
		<property name="tenure" value="14" />
	</bean>
	<bean id="l4" class="com.cognizant.model.Loan">
		<property name="number" value="H00999595369658" />
		<property name="type" value="car" />
		<property name="loan" value="234343" />
		<property name="emi" value="4258" />
		<property name="tenure" value="18" />
	</bean>

</beans>