<?xml version="1.0" encoding="UTF-8"?>
<beans xmlns="http://www.springframework.org/schema/beans"
	xmlns:xsi="http://www.w3.org/2001/XMLSchema-instance"
	xsi:schemaLocation="http://www.springframework.org/schema/beans
 https://www.springframework.org/schema/beans/spring-beans.xsd">
<bean id="m01" class="com.cognizant.moviecruiser.model.Movie" >
<property name="id" value="1"/>
<property name="name" value="ohmykadavule" />
<property name="hitrate" value="2000000"/>
<property name="active" value="true"/>
<property name="dateOfLaunch" value="14/02/2020"/>
<property name="genre" value="romance"/>
 
</bean>
<bean id="m02" class="com.cognizant.moviecruiser.model.Movie" >
<property name="id" value="2"/>
<property name="name" value="naansirithal" />
<property name="hitrate" value="250000"/>
<property name="active" value="false"/>
<property name="dateOfLaunch" value="26/01/2020"/>
<property name="genre" value="comedy"/>
</bean>
<bean id="m03" class="com.cognizant.moviecruiser.model.Movie" >
<property name="id" value="3"/>
<property name="name" value="ponmagalvandhal" />
<property name="hitrate" value="18000000"/>
<property name="active" value="true"/>
<property name="dateOfLaunch" value="29/05/2020"/>
<property name="genre" value="thriller"/>
 
</bean>

<bean id="movieList" class="java.util.ArrayList">

<constructor-arg>

<list>

<ref bean="m01"></ref>

<ref bean="m02"></ref>

<ref bean="m03"></ref>



</list>

</constructor-arg>

</bean>
</beans>