<?xml version="1.0" encoding="UTF-8"?>
<beans xmlns="http://www.springframework.org/schema/beans"
    xmlns:xsi="http://www.w3.org/2001/XMLSchema-instance"
    xsi:schemaLocation="http://www.springframework.org/schema/beans
        https://www.springframework.org/schema/beans/spring-beans.xsd">
    
    <bean id="movie1" class="com.cognizant.movie.model.Movie">  
        <property name="name" value="Frozen II"/>
        <property name="boxOffice" value="99 crores"/>
        <property name="dateOfRelease" value="15/07/2020"/>
        <property name="category" value="magical"/>
        <property name="active" value="Yes"/> 
        <property name="favorite" value="Yes"/>  
    </bean>
    
    <bean id="movie2" class="com.cognizant.movie.model.Movie">  
       	<property name="name" value="Angry Birds movie"/>
        <property name="boxOffice" value="106 crores"/>
        <property name="dateOfRelease" value="15/03/2020"/>
        <property name="category" value="comedy"/>
        <property name="active" value="Yes"/>  
        <property name="favorite" value="Yes"/>
    </bean>
    
    <bean id="movielist" class="java.util.ArrayList">  
        <constructor-arg>
        	<list>
        		<ref bean="movie1"></ref>
        		<ref bean="movie2"></ref>
        	</list>
        </constructor-arg>
    </bean>

</beans>